{
    "ANTIALIAS": 1.0,
    "BACKGROUND": [
        0.4214650094509125,
        0.7449946999549866,
        0.05087608844041824
    ],
    "MAXDEPTH": 4,
    "RESOLUTION": [
        60,
        60
    ],
    "SHADE": 0,
    "SENSOR_SPACING": 0.029999999329447746,
    "SENSORS": 1,
    "THREADS": 60,
    "lights": [
        {
            "POS": [
                0,
                0,
                -900
            ],
            "DIFF": [
                0.5,
                0.5,
                0.5
            ],
            "SPEC": [
                0.3,
                0.3,
                0.3
            ]
        }
    ],
    "spheres": [],
    "quads": []
}